Time [fs],RK4 field real,RK4 field imaginary
-102.4,3.05839e-07,-3.25401e-20
-102.3,3.15636e-07,-3.57684e-20
-102.2,3.25736e-07,-3.93133e-20
-102.1,3.3615e-07,-4.32056e-20
-102,3.46886e-07,-4.74788e-20
-101.9,3.57953e-07,-5.21699e-20
-101.8,3.69363e-07,-5.73192e-20
-101.7,3.81124e-07,-6.29709e-20
-101.6,3.93248e-07,-6.91734e-20
-101.5,4.05744e-07,-7.59799e-20
-101.4,4.18625e-07,-8.34484e-20
-101.3,4.31902e-07,-9.16426e-20
-101.2,4.45586e-07,-1.00632e-19
-101.1,4.5969e-07,-1.10493e-19
-101,4.74225e-07,-1.21309e-19
-100.9,4.89205e-07,-1.33172e-19
-100.8,5.04642e-07,-1.46181e-19
-100.7,5.2055e-07,-1.60446e-19
-100.6,5.36944e-07,-1.76087e-19
-100.5,5.53836e-07,-1.93235e-19
-100.4,5.71243e-07,-2.12033e-19
-100.3,5.89178e-07,-2.32638e-19
-100.2,6.07658e-07,-2.55223e-19
-100.1,6.26698e-07,-2.79973e-19
-100,6.46315e-07,-3.07096e-19
-99.9,6.66525e-07,-3.36815e-19
-99.8,6.87347e-07,-3.69376e-19
-99.7,7.08796e-07,-4.05047e-19
-99.6,7.30893e-07,-4.44122e-19
-99.5,7.53655e-07,-4.86922e-19
-99.4,7.77102e-07,-5.33797e-19
-99.3,8.01254e-07,-5.8513e-19
-99.2,8.26131e-07,-6.4134e-19
-99.1,8.51755e-07,-7.02886e-19
-99,8.78146e-07,-7.70266e-19
-98.9,9.05326e-07,-8.44027e-19
-98.8,9.3332e-07,-9.24767e-19
-98.7,9.62149e-07,-1.01314e-18
-98.6,9.91838e-07,-1.10985e-18
-98.5,1.02241e-06,-1.21568e-18
-98.4,1.0539e-06,-1.33148e-18
-98.3,1.08632e-06,-1.45817e-18
-98.2,1.1197e-06,-1.59678e-18
-98.1,1.15407e-06,-1.74839e-18
-98,1.18946e-06,-1.91423e-18
-97.9,1.2259e-06,-2.0956e-18
-97.8,1.26342e-06,-2.29394e-18
-97.7,1.30204e-06,-2.51083e-18
-97.6,1.34181e-06,-2.74796e-18
-97.5,1.38274e-06,-3.00722e-18
-97.4,1.42488e-06,-3.29063e-18
-97.3,1.46826e-06,-3.60041e-18
-97.2,1.51292e-06,-3.939e-18
-97.1,1.55888e-06,-4.30903e-18
-97,1.60619e-06,-4.71338e-18
-96.9,1.65489e-06,-5.1552e-18
-96.8,1.70501e-06,-5.63792e-18
-96.7,1.75659e-06,-6.16526e-18
-96.6,1.80968e-06,-6.74131e-18
-96.5,1.86431e-06,-7.3705e-18
-96.4,1.92054e-06,-8.05767e-18
-96.3,1.9784e-06,-8.80809e-18
-96.2,2.03794e-06,-9.6275e-18
-96.1,2.09921e-06,-1.05222e-17
-96,2.16225e-06,-1.14989e-17
-95.9,2.22712e-06,-1.25652e-17
-95.8,2.29386e-06,-1.37291e-17
-95.7,2.36253e-06,-1.49994e-17
-95.6,2.43318e-06,-1.63857e-17
-95.5,2.50587e-06,-1.78984e-17
-95.4,2.58065e-06,-1.95491e-17
-95.3,2.65757e-06,-2.135e-17
-95.2,2.73671e-06,-2.33146e-17
-95.1,2.81812e-06,-2.54577e-17
-95,2.90186e-06,-2.77952e-17
-94.9,2.98799e-06,-3.03445e-17
-94.8,3.07659e-06,-3.31245e-17
-94.7,3.16772e-06,-3.6156e-17
-94.6,3.26144e-06,-3.94612e-17
-94.5,3.35784e-06,-4.30645e-17
-94.4,3.45697e-06,-4.69926e-17
-94.3,3.55893e-06,-5.12742e-17
-94.2,3.66378e-06,-5.59408e-17
-94.1,3.7716e-06,-6.10264e-17
-94,3.88247e-06,-6.65682e-17
-93.9,3.99649e-06,-7.26066e-17
-93.8,4.11372e-06,-7.91854e-17
-93.7,4.23426e-06,-8.63523e-17
-93.6,4.3582e-06,-9.41591e-17
-93.5,4.48563e-06,-1.02662e-16
-93.4,4.61664e-06,-1.11923e-16
-93.3,4.75133e-06,-1.22008e-16
-93.2,4.8898e-06,-1.32989e-16
-93.1,5.03216e-06,-1.44945e-16
-93,5.17849e-06,-1.57961e-16
-92.9,5.32892e-06,-1.72131e-16
-92.8,5.48355e-06,-1.87554e-16
-92.7,5.64249e-06,-2.0434e-16
-92.6,5.80586e-06,-2.22608e-16
-92.5,5.97378e-06,-2.42487e-16
-92.4,6.14636e-06,-2.64116e-16
-92.3,6.32373e-06,-2.87648e-16
-92.2,6.50603e-06,-3.13248e-16
-92.1,6.69337e-06,-3.41095e-16
-92,6.88589e-06,-3.71383e-16
-91.9,7.08373e-06,-4.04322e-16
-91.8,7.28704e-06,-4.40143e-16
-91.7,7.49594e-06,-4.79093e-16
-91.6,7.7106e-06,-5.21442e-16
-91.5,7.93116e-06,-5.67481e-16
-91.4,8.15778e-06,-6.17529e-16
-91.3,8.39061e-06,-6.71928e-16
-91.2,8.62983e-06,-7.31051e-16
-91.1,8.87559e-06,-7.95304e-16
-91,9.12807e-06,-8.65123e-16
-90.9,9.38744e-06,-9.40986e-16
-90.8,9.65389e-06,-1.02341e-15
-90.7,9.92759e-06,-1.11294e-15
-90.6,1.02087e-05,-1.2102e-15
-90.5,1.04975e-05,-1.31583e-15
-90.4,1.07941e-05,-1.43056e-15
-90.3,1.10988e-05,-1.55514e-15
-90.2,1.14117e-05,-1.69042e-15
-90.1,1.17331e-05,-1.83729e-15
-90,1.20631e-05,-1.99674e-15
-89.9,1.24021e-05,-2.16982e-15
-89.8,1.27502e-05,-2.3577e-15
-89.7,1.31076e-05,-2.5616e-15
-89.6,1.34747e-05,-2.78288e-15
-89.5,1.38516e-05,-3.02299e-15
-89.4,1.42386e-05,-3.28352e-15
-89.3,1.46359e-05,-3.56618e-15
-89.2,1.50439e-05,-3.8728e-15
-89.1,1.54628e-05,-4.2054e-15
-89,1.58929e-05,-4.56615e-15
-88.9,1.63344e-05,-4.95738e-15
-88.8,1.67877e-05,-5.38164e-15
-88.7,1.7253e-05,-5.84166e-15
-88.6,1.77307e-05,-6.34042e-15
-88.5,1.8221e-05,-6.88113e-15
-88.4,1.87243e-05,-7.46725e-15
-88.3,1.9241e-05,-8.10256e-15
-88.2,1.97712e-05,-8.79111e-15
-88.1,2.03155e-05,-9.53728e-15
-88,2.08741e-05,-1.03458e-14
-87.9,2.14474e-05,-1.12219e-14
-87.8,2.20358e-05,-1.2171e-14
-87.7,2.26396e-05,-1.31992e-14
-87.6,2.32592e-05,-1.43129e-14
-87.5,2.38951e-05,-1.55192e-14
-87.4,2.45476e-05,-1.68255e-14
-87.3,2.52171e-05,-1.82401e-14
-87.2,2.59041e-05,-1.97719e-14
-87.1,2.6609e-05,-2.14303e-14
-87,2.73322e-05,-2.32256e-14
-86.9,2.80743e-05,-2.5169e-14
-86.8,2.88355e-05,-2.72726e-14
-86.7,2.96166e-05,-2.95491e-14
-86.6,3.04178e-05,-3.20128e-14
-86.5,3.12397e-05,-3.46787e-14
-86.4,3.20829e-05,-3.75631e-14
-86.3,3.29478e-05,-4.06837e-14
-86.2,3.3835e-05,-4.40594e-14
-86.1,3.4745e-05,-4.77108e-14
-86,3.56783e-05,-5.16601e-14
-85.9,3.66357e-05,-5.59311e-14
-85.8,3.76175e-05,-6.05496e-14
-85.7,3.86245e-05,-6.55434e-14
-85.6,3.96572e-05,-7.09425e-14
-85.5,4.07162e-05,-7.67793e-14
-85.4,4.18023e-05,-8.30886e-14
-85.3,4.2916e-05,-8.9908e-14
-85.2,4.4058e-05,-9.72782e-14
-85.1,4.5229e-05,-1.05243e-13
-85,4.64297e-05,-1.13849e-13
-84.9,4.76608e-05,-1.23148e-13
-84.8,4.89231e-05,-1.33193e-13
-84.7,5.02172e-05,-1.44045e-13
-84.6,5.1544e-05,-1.55767e-13
-84.5,5.29042e-05,-1.68427e-13
-84.4,5.42986e-05,-1.82099e-13
-84.3,5.57281e-05,-1.96863e-13
-84.2,5.71934e-05,-2.12804e-13
-84.1,5.86954e-05,-2.30014e-13
-84,6.02351e-05,-2.48593e-13
-83.9,6.18132e-05,-2.68649e-13
-83.8,6.34307e-05,-2.90295e-13
-83.7,6.50886e-05,-3.13657e-13
-83.6,6.67877e-05,-3.38868e-13
-83.5,6.8529e-05,-3.66071e-13
-83.4,7.03136e-05,-3.95421e-13
-83.3,7.21425e-05,-4.27085e-13
-83.2,7.40166e-05,-4.61241e-13
-83.1,7.59371e-05,-4.98084e-13
-83,7.7905e-05,-5.37819e-13
-82.9,7.99214e-05,-5.80671e-13
-82.8,8.19875e-05,-6.2688e-13
-82.7,8.41044e-05,-6.76703e-13
-82.6,8.62734e-05,-7.30418e-13
-82.5,8.84955e-05,-7.88324e-13
-82.4,9.07721e-05,-8.50742e-13
-82.3,9.31043e-05,-9.18018e-13
-82.2,9.54936e-05,-9.90522e-13
-82.1,9.79412e-05,-1.06865e-12
-82,0.000100448,-1.15284e-12
-81.9,0.000103017,-1.24355e-12
-81.8,0.000105647,-1.34126e-12
-81.7,0.000108342,-1.44653e-12
-81.6,0.000111101,-1.55991e-12
-81.5,0.000113928,-1.68202e-12
-81.4,0.000116823,-1.81352e-12
-81.3,0.000119787,-1.95512e-12
-81.2,0.000122824,-2.10759e-12
-81.1,0.000125933,-2.27173e-12
-81,0.000129117,-2.44844e-12
-80.9,0.000132377,-2.63864e-12
-80.8,0.000135716,-2.84335e-12
-80.7,0.000139134,-3.06367e-12
-80.6,0.000142634,-3.30075e-12
-80.5,0.000146218,-3.55585e-12
-80.4,0.000149887,-3.83031e-12
-80.3,0.000153644,-4.12557e-12
-80.2,0.000157489,-4.44318e-12
-80.1,0.000161426,-4.78481e-12
-80,0.000165457,-5.15222e-12
-79.9,0.000169582,-5.54733e-12
-79.8,0.000173806,-5.97219e-12
-79.7,0.000178129,-6.429e-12
-79.6,0.000182554,-6.92011e-12
-79.5,0.000187083,-7.44804e-12
-79.4,0.000191718,-8.01551e-12
-79.3,0.000196462,-8.62542e-12
-79.2,0.000201318,-9.28087e-12
-79.1,0.000206287,-9.98522e-12
-79,0.000211372,-1.0742e-11
-78.9,0.000216576,-1.15551e-11
-78.8,0.000221902,-1.24286e-11
-78.7,0.000227351,-1.33669e-11
-78.6,0.000232927,-1.43747e-11
-78.5,0.000238632,-1.54571e-11
-78.4,0.000244469,-1.66194e-11
-78.3,0.000250442,-1.78674e-11
-78.2,0.000256552,-1.92074e-11
-78.1,0.000262804,-2.06461e-11
-78,0.0002692,-2.21904e-11
-77.9,0.000275742,-2.3848e-11
-77.8,0.000282435,-2.5627e-11
-77.7,0.000289282,-2.75363e-11
-77.6,0.000296285,-2.9585e-11
-77.5,0.000303449,-3.17832e-11
-77.4,0.000310776,-3.41416e-11
-77.3,0.000318271,-3.66717e-11
-77.2,0.000325936,-3.93855e-11
-77.1,0.000333775,-4.22963e-11
-77,0.000341792,-4.54181e-11
-76.9,0.000349992,-4.87657e-11
-76.8,0.000358376,-5.23552e-11
-76.7,0.000366951,-5.62037e-11
-76.6,0.000375719,-6.03296e-11
-76.5,0.000384685,-6.47524e-11
-76.4,0.000393852,-6.94929e-11
-76.3,0.000403226,-7.45736e-11
-76.2,0.000412809,-8.00184e-11
-76.1,0.000422608,-8.58528e-11
-76,0.000432626,-9.21041e-11
-75.9,0.000442868,-9.88015e-11
-75.8,0.000453338,-1.05976e-10
-75.7,0.000464041,-1.13661e-10
-75.6,0.000474983,-1.21892e-10
-75.5,0.000486168,-1.30707e-10
-75.4,0.0004976,-1.40147e-10
-75.3,0.000509286,-1.50254e-10
-75.2,0.00052123,-1.61076e-10
-75.1,0.000533438,-1.7266e-10
-75,0.000545915,-1.85061e-10
-74.9,0.000558666,-1.98335e-10
-74.8,0.000571698,-2.12541e-10
-74.7,0.000585016,-2.27743e-10
-74.6,0.000598626,-2.4401e-10
-74.5,0.000612533,-2.61414e-10
-74.4,0.000626744,-2.80035e-10
-74.3,0.000641265,-2.99953e-10
-74.2,0.000656102,-3.21259e-10
-74.1,0.000671262,-3.44047e-10
-74,0.000686751,-3.68417e-10
-73.9,0.000702576,-3.94476e-10
-73.8,0.000718743,-4.2234e-10
-73.7,0.00073526,-4.5213e-10
-73.6,0.000752133,-4.83977e-10
-73.5,0.000769369,-5.18019e-10
-73.4,0.000786976,-5.54404e-10
-73.3,0.000804962,-5.9329e-10
-73.2,0.000823333,-6.34845e-10
-73.1,0.000842097,-6.79248e-10
-73,0.000861263,-7.26689e-10
-72.9,0.000880838,-7.77372e-10
-72.8,0.000900829,-8.31513e-10
-72.7,0.000921246,-8.89342e-10
-72.6,0.000942097,-9.51105e-10
-72.5,0.00096339,-1.01706e-09
-72.4,0.000985134,-1.0875e-09
-72.3,0.00100734,-1.1627e-09
-72.2,0.00103001,-1.24299e-09
-72.1,0.00105316,-1.32869e-09
-72,0.0010768,-1.42018e-09
-71.9,0.00110093,-1.51783e-09
-71.8,0.00112557,-1.62204e-09
-71.7,0.00115073,-1.73325e-09
-71.6,0.00117641,-1.8519e-09
-71.5,0.00120263,-1.9785e-09
-71.4,0.00122939,-2.11356e-09
-71.3,0.00125672,-2.25763e-09
-71.2,0.00128461,-2.4113e-09
-71.1,0.00131307,-2.57519e-09
-71,0.00134213,-2.74996e-09
-70.9,0.00137179,-2.93632e-09
-70.8,0.00140206,-3.13502e-09
-70.7,0.00143295,-3.34686e-09
-70.6,0.00146448,-3.57269e-09
-70.5,0.00149666,-3.8134e-09
-70.4,0.0015295,-4.06995e-09
-70.3,0.00156301,-4.34336e-09
-70.2,0.0015972,-4.6347e-09
-70.1,0.0016321,-4.94514e-09
-70,0.0016677,-5.27587e-09
-69.9,0.00170403,-5.62821e-09
-69.8,0.00174109,-6.00353e-09
-69.7,0.00177891,-6.40327e-09
-69.6,0.00181749,-6.82901e-09
-69.5,0.00185685,-7.28238e-09
-69.4,0.00189701,-7.76513e-09
-69.3,0.00193797,-8.27912e-09
-69.2,0.00197976,-8.82631e-09
-69.1,0.00202239,-9.4088e-09
-69,0.00206587,-1.00288e-08
-68.9,0.00211022,-1.06887e-08
-68.8,0.00215546,-1.13909e-08
-68.7,0.00220159,-1.21381e-08
-68.6,0.00224865,-1.29332e-08
-68.5,0.00229664,-1.37791e-08
-68.4,0.00234559,-1.46789e-08
-68.3,0.0023955,-1.56361e-08
-68.2,0.0024464,-1.66542e-08
-68.1,0.0024983,-1.77368e-08
-68,0.00255123,-1.88882e-08
-67.9,0.0026052,-2.01124e-08
-67.8,0.00266022,-2.14139e-08
-67.7,0.00271633,-2.27976e-08
-67.6,0.00277353,-2.42684e-08
-67.5,0.00283186,-2.58318e-08
-67.4,0.00289132,-2.74933e-08
-67.3,0.00295193,-2.9259e-08
-67.2,0.00301373,-3.11352e-08
-67.1,0.00307672,-3.31287e-08
-67,0.00314093,-3.52465e-08
-66.9,0.00320639,-3.74963e-08
-66.8,0.0032731,-3.9886e-08
-66.7,0.00334111,-4.2424e-08
-66.6,0.00341042,-4.51194e-08
-66.5,0.00348106,-4.79816e-08
-66.4,0.00355305,-5.10207e-08
-66.3,0.00362643,-5.42472e-08
-66.2,0.0037012,-5.76724e-08
-66.1,0.0037774,-6.13083e-08
-66,0.00385505,-6.51673e-08
-65.9,0.00393417,-6.92629e-08
-65.8,0.00401479,-7.3609e-08
-65.7,0.00409694,-7.82206e-08
-65.6,0.00418065,-8.31135e-08
-65.5,0.00426593,-8.83042e-08
-65.4,0.00435281,-9.38104e-08
-65.3,0.00444133,-9.96508e-08
-65.2,0.00453151,-1.05845e-07
-65.1,0.00462338,-1.12414e-07
-65,0.00471697,-1.19379e-07
-64.9,0.0048123,-1.26765e-07
-64.8,0.0049094,-1.34595e-07
-64.7,0.00500832,-1.42895e-07
-64.6,0.00510906,-1.51693e-07
-64.5,0.00521168,-1.61018e-07
-64.4,0.00531619,-1.709e-07
-64.3,0.00542263,-1.81372e-07
-64.2,0.00553103,-1.92468e-07
-64.1,0.00564142,-2.04224e-07
-64,0.00575384,-2.16678e-07
-63.9,0.00586832,-2.2987e-07
-63.8,0.00598489,-2.43843e-07
-63.7,0.00610359,-2.58642e-07
-63.6,0.00622446,-2.74313e-07
-63.5,0.00634752,-2.90906e-07
-63.4,0.00647281,-3.08475e-07
-63.3,0.00660038,-3.27075e-07
-63.2,0.00673025,-3.46764e-07
-63.1,0.00686246,-3.67604e-07
-63,0.00699706,-3.89661e-07
-62.9,0.00713407,-4.13003e-07
-62.8,0.00727355,-4.37704e-07
-62.7,0.00741552,-4.63838e-07
-62.6,0.00756003,-4.91487e-07
-62.5,0.00770712,-5.20737e-07
-62.4,0.00785683,-5.51676e-07
-62.3,0.00800921,-5.84399e-07
-62.2,0.00816428,-6.19006e-07
-62.1,0.0083221,-6.55602e-07
-62,0.00848271,-6.94297e-07
-61.9,0.00864616,-7.35209e-07
-61.8,0.00881248,-7.78459e-07
-61.7,0.00898172,-8.24177e-07
-61.6,0.00915394,-8.72499e-07
-61.5,0.00932917,-9.2357e-07
-61.4,0.00950745,-9.77539e-07
-61.3,0.00968885,-1.03457e-06
-61.2,0.00987341,-1.09482e-06
-61.1,0.0100612,-1.15847e-06
-61,0.0102522,-1.22572e-06
-60.9,0.0104465,-1.29674e-06
-60.8,0.0106442,-1.37176e-06
-60.7,0.0108453,-1.45098e-06
-60.6,0.0110498,-1.53463e-06
-60.5,0.0112578,-1.62296e-06
-60.4,0.0114695,-1.71621e-06
-60.3,0.0116847,-1.81465e-06
-60.2,0.0119036,-1.91856e-06
-60.1,0.0121262,-2.02824e-06
-60,0.0123526,-2.14398e-06
-59.9,0.0125829,-2.26612e-06
-59.8,0.0128171,-2.395e-06
-59.7,0.0130552,-2.53097e-06
-59.6,0.0132973,-2.67442e-06
-59.5,0.0135435,-2.82573e-06
-59.4,0.0137938,-2.98533e-06
-59.3,0.0140483,-3.15366e-06
-59.2,0.0143071,-3.33116e-06
-59.1,0.0145702,-3.51833e-06
-59,0.0148377,-3.71568e-06
-58.9,0.0151096,-3.92373e-06
-58.8,0.015386,-4.14305e-06
-58.7,0.015667,-4.37422e-06
-58.6,0.0159527,-4.61786e-06
-58.5,0.016243,-4.87463e-06
-58.4,0.0165381,-5.1452e-06
-58.3,0.0168381,-5.43028e-06
-58.2,0.017143,-5.73063e-06
-58.1,0.0174529,-6.04703e-06
-58,0.0177678,-6.38031e-06
-57.9,0.0180878,-6.73133e-06
-57.8,0.0184131,-7.10102e-06
-57.7,0.0187436,-7.49031e-06
-57.6,0.0190795,-7.90022e-06
-57.5,0.0194207,-8.33179e-06
-57.4,0.0197675,-8.78612e-06
-57.3,0.0201199,-9.26437e-06
-57.2,0.0204779,-9.76775e-06
-57.1,0.0208416,-1.02975e-05
-57,0.0212111,-1.0855e-05
-56.9,0.0215865,-1.14417e-05
-56.8,0.0219679,-1.20589e-05
-56.7,0.0223553,-1.27082e-05
-56.6,0.0227489,-1.33913e-05
-56.5,0.0231487,-1.41098e-05
-56.4,0.0235548,-1.48655e-05
-56.3,0.0239672,-1.56601e-05
-56.2,0.0243862,-1.64958e-05
-56.1,0.0248117,-1.73744e-05
-56,0.0252438,-1.82981e-05
-55.9,0.0256827,-1.92692e-05
-55.8,0.0261284,-2.02899e-05
-55.7,0.026581,-2.13628e-05
-55.6,0.0270407,-2.24902e-05
-55.5,0.0275074,-2.3675e-05
-55.4,0.0279813,-2.49199e-05
-55.3,0.0284625,-2.62278e-05
-55.2,0.0289511,-2.76018e-05
-55.1,0.0294472,-2.90452e-05
-55,0.0299509,-3.05611e-05
-54.9,0.0304622,-3.21532e-05
-54.8,0.0309813,-3.38252e-05
-54.7,0.0315083,-3.55808e-05
-54.6,0.0320432,-3.7424e-05
-54.5,0.0325863,-3.93591e-05
-54.4,0.0331375,-4.13904e-05
-54.3,0.033697,-4.35226e-05
-54.2,0.0342649,-4.57603e-05
-54.1,0.0348413,-4.81087e-05
-54,0.0354262,-5.05729e-05
-53.9,0.03602,-5.31584e-05
-53.8,0.0366225,-5.58709e-05
-53.7,0.0372339,-5.87164e-05
-53.6,0.0378544,-6.17011e-05
-53.5,0.0384841,-6.48316e-05
-53.4,0.039123,-6.81146e-05
-53.3,0.0397713,-7.15572e-05
-53.2,0.0404291,-7.51669e-05
-53.1,0.0410966,-7.89513e-05
-53,0.0417737,-8.29187e-05
-52.9,0.0424607,-8.70773e-05
-52.8,0.0431577,-9.14361e-05
-52.7,0.0438647,-9.60042e-05
-52.6,0.044582,-0.000100791
-52.5,0.0453096,-0.000105807
-52.4,0.0460476,-0.000111062
-52.3,0.0467963,-0.000116568
-52.2,0.0475556,-0.000122335
-52.1,0.0483258,-0.000128375
-52,0.0491069,-0.000134702
-51.9,0.0498991,-0.000141327
-51.8,0.0507026,-0.000148264
-51.7,0.0515173,-0.000155527
-51.6,0.0523436,-0.000163131
-51.5,0.0531815,-0.000171091
-51.4,0.0540311,-0.000179423
-51.3,0.0548926,-0.000188144
-51.2,0.0557661,-0.000197269
-51.1,0.0566518,-0.000206819
-51,0.0575498,-0.00021681
-50.9,0.0584602,-0.000227264
-50.8,0.0593831,-0.000238199
-50.7,0.0603188,-0.000249637
-50.6,0.0612673,-0.000261601
-50.5,0.0622289,-0.000274112
-50.4,0.0632035,-0.000287195
-50.3,0.0641915,-0.000300875
-50.2,0.0651929,-0.000315177
-50.1,0.0662078,-0.000330129
-50,0.0672365,-0.000345758
-49.9,0.0682791,-0.000362094
-49.8,0.0693357,-0.000379166
-49.7,0.0704065,-0.000397006
-49.6,0.0714916,-0.000415648
-49.5,0.0725912,-0.000435124
-49.4,0.0737054,-0.000455471
-49.3,0.0748344,-0.000476726
-49.2,0.0759784,-0.000498926
-49.1,0.0771375,-0.000522112
-49,0.0783118,-0.000546325
-48.9,0.0795015,-0.000571607
-48.8,0.0807069,-0.000598005
-48.7,0.081928,-0.000625563
-48.6,0.0831649,-0.000654332
-48.5,0.084418,-0.000684359
-48.4,0.0856873,-0.000715699
-48.3,0.0869729,-0.000748405
-48.2,0.0882752,-0.000782533
-48.1,0.0895941,-0.000818141
-48,0.09093,-0.000855291
-47.9,0.0922829,-0.000894045
-47.8,0.0936531,-0.000934469
-47.7,0.0950406,-0.000976629
-47.6,0.0964457,-0.0010206
-47.5,0.0978686,-0.00106645
-47.4,0.0993093,-0.00111425
-47.3,0.100768,-0.0011641
-47.2,0.102245,-0.00121605
-47.1,0.103741,-0.00127021
-47,0.105255,-0.00132666
-46.9,0.106788,-0.00138549
-46.8,0.10834,-0.0014468
-46.7,0.109911,-0.00151068
-46.6,0.111501,-0.00157723
-46.5,0.113111,-0.00164656
-46.4,0.11474,-0.00171878
-46.3,0.11639,-0.00179401
-46.2,0.118059,-0.00187235
-46.1,0.119749,-0.00195393
-46,0.121459,-0.00203888
-45.9,0.123189,-0.00212732
-45.8,0.124941,-0.00221939
-45.7,0.126713,-0.00231524
-45.6,0.128506,-0.002415
-45.5,0.130321,-0.00251883
-45.4,0.132157,-0.00262687
-45.3,0.134015,-0.0027393
-45.2,0.135894,-0.00285628
-45.1,0.137796,-0.00297797
-45,0.13972,-0.00310456
-44.9,0.141666,-0.00323624
-44.8,0.143635,-0.00337318
-44.7,0.145626,-0.00351559
-44.6,0.147641,-0.00366368
-44.5,0.149679,-0.00381765
-44.4,0.151739,-0.00397773
-44.3,0.153824,-0.00414413
-44.2,0.155932,-0.00431709
-44.1,0.158064,-0.00449685
-44,0.16022,-0.00468366
-43.9,0.1624,-0.00487778
-43.8,0.164605,-0.00507948
-43.7,0.166834,-0.00528902
-43.6,0.169088,-0.0055067
-43.5,0.171367,-0.0057328
-43.4,0.17367,-0.00596763
-43.3,0.176,-0.00621151
-43.2,0.178354,-0.00646474
-43.1,0.180734,-0.00672768
-43,0.18314,-0.00700066
-42.9,0.185572,-0.00728404
-42.8,0.18803,-0.00757818
-42.7,0.190515,-0.00788347
-42.6,0.193026,-0.00820029
-42.5,0.195563,-0.00852905
-42.4,0.198127,-0.00887016
-42.3,0.200718,-0.00922406
-42.2,0.203336,-0.00959118
-42.1,0.205982,-0.00997198
-42,0.208654,-0.0103669
-41.9,0.211354,-0.0107765
-41.8,0.214082,-0.0112012
-41.7,0.216838,-0.0116416
-41.6,0.219621,-0.0120981
-41.5,0.222433,-0.0125714
-41.4,0.225273,-0.013062
-41.3,0.22814,-0.0135704
-41.2,0.231037,-0.0140973
-41.1,0.233962,-0.0146433
-41,0.236915,-0.015209
-40.9,0.239897,-0.0157951
-40.8,0.242908,-0.0164022
-40.7,0.245948,-0.017031
-40.6,0.249017,-0.0176823
-40.5,0.252114,-0.0183568
-40.4,0.255241,-0.0190551
-40.3,0.258397,-0.0197782
-40.2,0.261582,-0.0205268
-40.1,0.264797,-0.0213016
-40,0.26804,-0.0221037
-39.9,0.271313,-0.0229337
-39.8,0.274615,-0.0237927
-39.7,0.277946,-0.0246815
-39.6,0.281307,-0.025601
-39.5,0.284696,-0.0265523
-39.4,0.288115,-0.0275362
-39.3,0.291563,-0.0285539
-39.2,0.29504,-0.0296064
-39.1,0.298546,-0.0306947
-39,0.302081,-0.03182
-38.9,0.305644,-0.0329833
-38.8,0.309236,-0.0341859
-38.7,0.312857,-0.0354288
-38.6,0.316506,-0.0367134
-38.5,0.320182,-0.0380409
-38.4,0.323887,-0.0394126
-38.3,0.32762,-0.0408297
-38.2,0.331379,-0.0422936
-38.1,0.335166,-0.0438057
-38,0.33898,-0.0453675
-37.9,0.34282,-0.0469802
-37.8,0.346686,-0.0486455
-37.7,0.350578,-0.0503649
-37.6,0.354496,-0.0521398
-37.5,0.358438,-0.0539719
-37.4,0.362404,-0.0558628
-37.3,0.366395,-0.0578142
-37.2,0.370409,-0.0598277
-37.1,0.374445,-0.0619051
-37,0.378504,-0.0640481
-36.9,0.382585,-0.0662586
-36.8,0.386686,-0.0685383
-36.7,0.390807,-0.0708893
-36.6,0.394947,-0.0733134
-36.5,0.399106,-0.0758125
-36.4,0.403282,-0.0783887
-36.3,0.407475,-0.081044
-36.2,0.411684,-0.0837805
-36.1,0.415907,-0.0866003
-36,0.420143,-0.0895056
-35.9,0.424392,-0.0924985
-35.8,0.428652,-0.0955813
-35.7,0.432922,-0.0987563
-35.6,0.4372,-0.102026
-35.5,0.441485,-0.105392
-35.4,0.445776,-0.108858
-35.3,0.45007,-0.112425
-35.2,0.454367,-0.116096
-35.1,0.458664,-0.119874
-35,0.462961,-0.123761
-34.9,0.467253,-0.127759
-34.8,0.471541,-0.131872
-34.7,0.475821,-0.136102
-34.6,0.480092,-0.140451
-34.5,0.484351,-0.144923
-34.4,0.488596,-0.149519
-34.3,0.492824,-0.154243
-34.2,0.497033,-0.159098
-34.1,0.50122,-0.164086
-34,0.505382,-0.16921
-33.9,0.509516,-0.174473
-33.8,0.513619,-0.179877
-33.7,0.517688,-0.185426
-33.6,0.521719,-0.191123
-33.5,0.525709,-0.196969
-33.4,0.529654,-0.202969
-33.3,0.533551,-0.209125
-33.2,0.537395,-0.215439
-33.1,0.541182,-0.221915
-33,0.544909,-0.228556
-32.9,0.548569,-0.235364
-32.8,0.55216,-0.242342
-32.7,0.555676,-0.249493
-32.6,0.559112,-0.256819
-32.5,0.562463,-0.264324
-32.4,0.565724,-0.272009
-32.3,0.568888,-0.279878
-32.2,0.571951,-0.287933
-32.1,0.574906,-0.296176
-32,0.577747,-0.30461
-31.9,0.580468,-0.313237
-31.8,0.583062,-0.322059
-31.7,0.585522,-0.331078
-31.6,0.587841,-0.340297
-31.5,0.590012,-0.349717
-31.4,0.592028,-0.35934
-31.3,0.59388,-0.369167
-31.2,0.59556,-0.3792
-31.1,0.597061,-0.38944
-31,0.598374,-0.399888
-30.9,0.599489,-0.410545
-30.8,0.600399,-0.421412
-30.7,0.601093,-0.432489
-30.6,0.601563,-0.443777
-30.5,0.601798,-0.455274
-30.4,0.601788,-0.466982
-30.3,0.601524,-0.478899
-30.2,0.600994,-0.491025
-30.1,0.600187,-0.503358
-30,0.599093,-0.515897
-29.9,0.597701,-0.52864
-29.8,0.595998,-0.541585
-29.7,0.593973,-0.554729
-29.6,0.591614,-0.568068
-29.5,0.588908,-0.5816
-29.4,0.585843,-0.59532
-29.3,0.582406,-0.609225
-29.2,0.578585,-0.623308
-29.1,0.574365,-0.637565
-29,0.569734,-0.651989
-28.9,0.564678,-0.666575
-28.8,0.559183,-0.681314
-28.7,0.553236,-0.696199
-28.6,0.546821,-0.711222
-28.5,0.539926,-0.726373
-28.4,0.532536,-0.741642
-28.3,0.524637,-0.75702
-28.2,0.516214,-0.772494
-28.1,0.507252,-0.788053
-28,0.497737,-0.803684
-27.9,0.487656,-0.819372
-27.8,0.476993,-0.835104
-27.7,0.465734,-0.850865
-27.6,0.453865,-0.866637
-27.5,0.441372,-0.882403
-27.4,0.428241,-0.898146
-27.3,0.414459,-0.913846
-27.2,0.400011,-0.929483
-27.1,0.384886,-0.945035
-27,0.369071,-0.960482
-26.9,0.352552,-0.975798
-26.8,0.33532,-0.990961
-26.7,0.317361,-1.00594
-26.6,0.298666,-1.02072
-26.5,0.279225,-1.03527
-26.4,0.259029,-1.04955
-26.3,0.238068,-1.06354
-26.2,0.216336,-1.0772
-26.1,0.193825,-1.09051
-26,0.17053,-1.10344
-25.9,0.146446,-1.11594
-25.8,0.12157,-1.12798
-25.7,0.0958997,-1.13953
-25.6,0.0694335,-1.15054
-25.5,0.0421723,-1.16099
-25.4,0.0141178,-1.17082
-25.3,-0.0147265,-1.18
-25.2,-0.0443554,-1.18849
-25.1,-0.0747619,-1.19625
-25,-0.105937,-1.20322
-24.9,-0.137871,-1.20937
-24.8,-0.170551,-1.21466
-24.7,-0.203961,-1.21902
-24.6,-0.238085,-1.22243
-24.5,-0.272903,-1.22484
-24.4,-0.308393,-1.22618
-24.3,-0.344532,-1.22643
-24.2,-0.381292,-1.22552
-24.1,-0.418644,-1.22342
-24,-0.456556,-1.22007
-23.9,-0.494992,-1.21543
-23.8,-0.533914,-1.20944
-23.7,-0.573281,-1.20207
-23.6,-0.613049,-1.19326
-23.5,-0.653172,-1.18297
-23.4,-0.693597,-1.17115
-23.3,-0.734273,-1.15776
-23.2,-0.775141,-1.14276
-23.1,-0.816141,-1.1261
-23,-0.857211,-1.10774
-22.9,-0.898282,-1.08765
-22.8,-0.939285,-1.06579
-22.7,-0.980146,-1.04213
-22.6,-1.02079,-1.01663
-22.5,-1.06113,-0.989266
-22.4,-1.10109,-0.960015
-22.3,-1.14058,-0.928852
-22.2,-1.17951,-0.895758
-22.1,-1.21779,-0.860719
-22,-1.25532,-0.823723
-21.9,-1.292,-0.784763
-21.8,-1.32774,-0.743837
-21.7,-1.36242,-0.700946
-21.6,-1.39595,-0.656099
-21.5,-1.4282,-0.609307
-21.4,-1.45909,-0.560588
-21.3,-1.48848,-0.509967
-21.2,-1.51628,-0.457473
-21.1,-1.54236,-0.403142
-21,-1.56661,-0.347016
-20.9,-1.58891,-0.289144
-20.8,-1.60915,-0.229582
-20.7,-1.62722,-0.168393
-20.6,-1.643,-0.105647
-20.5,-1.65637,-0.0414211
-20.4,-1.66722,0.0242003
-20.3,-1.67545,0.0911249
-20.2,-1.68094,0.159253
-20.1,-1.6836,0.228477
-20,-1.68331,0.298681
-19.9,-1.67998,0.369744
-19.8,-1.67352,0.441534
-19.7,-1.66384,0.513915
-19.6,-1.65086,0.58674
-19.5,-1.63449,0.659857
-19.4,-1.61467,0.733106
-19.3,-1.59134,0.806321
-19.2,-1.56444,0.879329
-19.1,-1.53392,0.95195
-19,-1.49975,1.024
-18.9,-1.46189,1.09528
-18.8,-1.42033,1.16561
-18.7,-1.37505,1.23478
-18.6,-1.32606,1.30258
-18.5,-1.27338,1.36881
-18.4,-1.21702,1.43325
-18.3,-1.15702,1.49569
-18.2,-1.09344,1.55592
-18.1,-1.02633,1.61372
-18,-0.955774,1.66887
-17.9,-0.881858,1.72116
-17.8,-0.804684,1.77037
-17.7,-0.724371,1.81629
-17.6,-0.641047,1.85871
-17.5,-0.554859,1.89742
-17.4,-0.465963,1.93224
-17.3,-0.374532,1.96296
-17.2,-0.280752,1.98939
-17.1,-0.184823,2.01136
-17,-0.0869571,2.0287
-16.9,0.0126194,2.04125
-16.8,0.113669,2.04886
-16.7,0.21594,2.05139
-16.6,0.319173,2.04871
-16.5,0.423094,2.04073
-16.4,0.527422,2.02734
-16.3,0.631864,2.00845
-16.2,0.73612,1.98402
-16.1,0.839883,1.95398
-16,0.942839,1.91831
-15.9,1.04467,1.87701
-15.8,1.14504,1.83006
-15.7,1.24364,1.77752
-15.6,1.34014,1.71941
-15.5,1.43419,1.65581
-15.4,1.52548,1.58681
-15.3,1.61368,1.51251
-15.2,1.69846,1.43305
-15.1,1.77951,1.34858
-15,1.85651,1.25926
-14.9,1.92915,1.16529
-14.8,1.99715,1.06688
-14.7,2.06021,0.964257
-14.6,2.11806,0.857683
-14.5,2.17045,0.747423
-14.4,2.21712,0.633763
-14.3,2.25785,0.51701
-14.2,2.29243,0.397484
-14.1,2.32065,0.275522
-14,2.34235,0.151473
-13.9,2.35736,0.0257022
-13.8,2.36557,-0.101417
-13.7,2.36686,-0.2295
-13.6,2.36113,-0.358152
-13.5,2.34834,-0.486973
-13.4,2.32843,-0.615556
-13.3,2.3014,-0.743491
-13.2,2.26726,-0.870366
-13.1,2.22605,-0.995768
-13,2.17782,-1.11928
-12.9,2.12268,-1.2405
-12.8,2.06073,-1.35902
-12.7,1.99212,-1.47444
-12.6,1.91701,-1.58638
-12.5,1.83559,-1.69444
-12.4,1.74807,-1.79827
-12.3,1.65469,-1.8975
-12.2,1.55572,-1.9918
-12.1,1.45143,-2.08083
-12,1.34211,-2.1643
-11.9,1.2281,-2.24192
-11.8,1.10973,-2.31341
-11.7,0.987345,-2.37852
-11.6,0.86132,-2.43705
-11.5,0.732036,-2.48877
-11.4,0.599883,-2.53352
-11.3,0.465265,-2.57115
-11.2,0.328592,-2.60152
-11.1,0.190281,-2.62454
-11,0.0507538,-2.64013
-10.9,-0.0895658,-2.64824
-10.8,-0.230252,-2.64886
-10.7,-0.370882,-2.64198
-10.6,-0.511032,-2.62765
-10.5,-0.650285,-2.60591
-10.4,-0.788231,-2.57684
-10.3,-0.924465,-2.54057
-10.2,-1.05859,-2.49721
-10.1,-1.19023,-2.44692
-10,-1.31901,-2.38988
-9.9,-1.44458,-2.32629
-9.8,-1.56658,-2.25636
-9.7,-1.6847,-2.18034
-9.6,-1.79863,-2.09847
-9.5,-1.90808,-2.01104
-9.4,-2.01278,-1.91833
-9.3,-2.11247,-1.82063
-9.2,-2.20694,-1.71827
-9.1,-2.29597,-1.61156
-9,-2.37938,-1.50084
-8.9,-2.457,-1.38645
-8.8,-2.5287,-1.26872
-8.7,-2.59436,-1.14802
-8.6,-2.65387,-1.02469
-8.5,-2.70718,-0.899089
-8.4,-2.75422,-0.771568
-8.3,-2.79497,-0.642478
-8.2,-2.82942,-0.512169
-8.1,-2.85759,-0.380984
-8,-2.87951,-0.249262
-7.9,-2.89523,-0.117333
-7.8,-2.90483,0.0144802
-7.7,-2.9084,0.145863
-7.6,-2.90605,0.276513
-7.5,-2.89789,0.406137
-7.4,-2.88408,0.534456
-7.3,-2.86475,0.661203
-7.2,-2.8401,0.786123
-7.1,-2.81028,0.908978
-7,-2.77549,1.02954
-6.9,-2.73593,1.14761
-6.8,-2.69181,1.26297
-6.7,-2.64335,1.37547
-6.6,-2.59077,1.48493
-6.5,-2.53429,1.5912
-6.4,-2.47416,1.69415
-6.3,-2.4106,1.79367
-6.2,-2.34385,1.88966
-6.1,-2.27416,1.98203
-6,-2.20177,2.07071
-5.9,-2.1269,2.15565
-5.8,-2.04981,2.23681
-5.7,-1.97073,2.31415
-5.6,-1.88988,2.38767
-5.5,-1.8075,2.45736
-5.4,-1.72381,2.52325
-5.3,-1.63904,2.58534
-5.2,-1.55339,2.64369
-5.1,-1.46708,2.69833
-5,-1.3803,2.74931
-4.9,-1.29325,2.79672
-4.8,-1.20612,2.84061
-4.7,-1.11908,2.88107
-4.6,-1.03231,2.9182
-4.5,-0.945979,2.95208
-4.4,-0.860234,2.98282
-4.3,-0.775225,3.01052
-4.2,-0.691093,3.03531
-4.1,-0.607969,3.05729
-4,-0.525977,3.07659
-3.9,-0.445233,3.09332
-3.8,-0.365843,3.10762
-3.7,-0.287907,3.11961
-3.6,-0.211518,3.12941
-3.5,-0.13676,3.13716
-3.4,-0.0637107,3.14299
-3.3,0.00755985,3.14703
-3.2,0.0769878,3.1494
-3.1,0.144516,3.15023
-3,0.210093,3.14965
-2.9,0.273673,3.14778
-2.8,0.335217,3.14475
-2.7,0.394691,3.14067
-2.6,0.452064,3.13567
-2.5,0.507312,3.12985
-2.4,0.560413,3.12333
-2.3,0.61135,3.11621
-2.2,0.66011,3.10861
-2.1,0.706684,3.10062
-2,0.751062,3.09234
-1.9,0.793241,3.08386
-1.8,0.833219,3.07527
-1.7,0.870995,3.06666
-1.6,0.90657,3.05811
-1.5,0.939947,3.04969
-1.4,0.971131,3.04148
-1.3,1.00013,3.03353
-1.2,1.02694,3.02593
-1.1,1.05157,3.01871
-1,1.07404,3.01195
-0.9,1.09434,3.00567
-0.8,1.11248,2.99995
-0.7,1.12847,2.9948
-0.6,1.14232,2.99026
-0.5,1.15403,2.98637
-0.4,1.1636,2.98316
-0.3,1.17104,2.98064
-0.2,1.17635,2.97882
-0.1,1.17954,2.97773
0,1.1806,2.97736
0.1,1.17954,2.97773
0.2,1.17635,2.97882
0.3,1.17104,2.98064
0.4,1.1636,2.98316
0.5,1.15403,2.98637
0.6,1.14232,2.99026
0.7,1.12847,2.9948
0.8,1.11248,2.99995
0.9,1.09434,3.00567
1,1.07404,3.01195
1.1,1.05157,3.01871
1.2,1.02694,3.02593
1.3,1.00013,3.03353
1.4,0.971131,3.04148
1.5,0.939947,3.04969
1.6,0.90657,3.05811
1.7,0.870995,3.06666
1.8,0.833219,3.07527
1.9,0.793241,3.08386
2,0.751062,3.09234
2.1,0.706684,3.10062
2.2,0.66011,3.10861
2.3,0.61135,3.11621
2.4,0.560413,3.12333
2.5,0.507312,3.12985
2.6,0.452064,3.13567
2.7,0.394691,3.14067
2.8,0.335217,3.14475
2.9,0.273673,3.14778
3,0.210093,3.14965
3.1,0.144516,3.15023
3.2,0.0769878,3.1494
3.3,0.00755985,3.14703
3.4,-0.0637107,3.14299
3.5,-0.13676,3.13716
3.6,-0.211518,3.12941
3.7,-0.287907,3.11961
3.8,-0.365843,3.10762
3.9,-0.445233,3.09332
4,-0.525977,3.07659
4.1,-0.607969,3.05729
4.2,-0.691093,3.03531
4.3,-0.775225,3.01052
4.4,-0.860234,2.98282
4.5,-0.945979,2.95208
4.6,-1.03231,2.9182
4.7,-1.11908,2.88107
4.8,-1.20612,2.84061
4.9,-1.29325,2.79672
5,-1.3803,2.74931
5.1,-1.46708,2.69833
5.2,-1.55339,2.64369
5.3,-1.63904,2.58534
5.4,-1.72381,2.52325
5.5,-1.8075,2.45736
5.6,-1.88988,2.38767
5.7,-1.97073,2.31415
5.8,-2.04981,2.23681
5.9,-2.1269,2.15565
6,-2.20177,2.07071
6.1,-2.27416,1.98203
6.2,-2.34385,1.88966
6.3,-2.4106,1.79367
6.4,-2.47416,1.69415
6.5,-2.53429,1.5912
6.6,-2.59077,1.48493
6.7,-2.64335,1.37547
6.8,-2.69181,1.26297
6.9,-2.73593,1.14761
7,-2.77549,1.02954
7.1,-2.81028,0.908978
7.2,-2.8401,0.786123
7.3,-2.86475,0.661203
7.4,-2.88408,0.534456
7.5,-2.89789,0.406137
7.6,-2.90605,0.276513
7.7,-2.9084,0.145863
7.8,-2.90483,0.0144802
7.9,-2.89523,-0.117333
8,-2.87951,-0.249262
8.1,-2.85759,-0.380984
8.2,-2.82942,-0.512169
8.3,-2.79497,-0.642478
8.4,-2.75422,-0.771568
8.5,-2.70718,-0.899089
8.6,-2.65387,-1.02469
8.7,-2.59436,-1.14802
8.8,-2.5287,-1.26872
8.9,-2.457,-1.38645
9,-2.37938,-1.50084
9.1,-2.29597,-1.61156
9.2,-2.20694,-1.71827
9.3,-2.11247,-1.82063
9.4,-2.01278,-1.91833
9.5,-1.90808,-2.01104
9.6,-1.79863,-2.09847
9.7,-1.6847,-2.18034
9.8,-1.56658,-2.25636
9.9,-1.44458,-2.32629
10,-1.31901,-2.38988
10.1,-1.19023,-2.44692
10.2,-1.05859,-2.49721
10.3,-0.924465,-2.54057
10.4,-0.788231,-2.57684
10.5,-0.650285,-2.60591
10.6,-0.511032,-2.62765
10.7,-0.370882,-2.64198
10.8,-0.230252,-2.64886
10.9,-0.0895658,-2.64824
11,0.0507538,-2.64013
11.1,0.190281,-2.62454
11.2,0.328592,-2.60152
11.3,0.465265,-2.57115
11.4,0.599883,-2.53352
11.5,0.732036,-2.48877
11.6,0.86132,-2.43705
11.7,0.987345,-2.37852
11.8,1.10973,-2.31341
11.9,1.2281,-2.24192
12,1.34211,-2.1643
12.1,1.45143,-2.08083
12.2,1.55572,-1.9918
12.3,1.65469,-1.8975
12.4,1.74807,-1.79827
12.5,1.83559,-1.69444
12.6,1.91701,-1.58638
12.7,1.99212,-1.47444
12.8,2.06073,-1.35902
12.9,2.12268,-1.2405
13,2.17782,-1.11928
13.1,2.22605,-0.995768
13.2,2.26726,-0.870366
13.3,2.3014,-0.743491
13.4,2.32843,-0.615556
13.5,2.34834,-0.486973
13.6,2.36113,-0.358152
13.7,2.36686,-0.2295
13.8,2.36557,-0.101417
13.9,2.35736,0.0257022
14,2.34235,0.151473
14.1,2.32065,0.275522
14.2,2.29243,0.397484
14.3,2.25785,0.51701
14.4,2.21712,0.633763
14.5,2.17045,0.747423
14.6,2.11806,0.857683
14.7,2.06021,0.964257
14.8,1.99715,1.06688
14.9,1.92915,1.16529
15,1.85651,1.25926
15.1,1.77951,1.34858
15.2,1.69846,1.43305
15.3,1.61368,1.51251
15.4,1.52548,1.58681
15.5,1.43419,1.65581
15.6,1.34014,1.71941
15.7,1.24364,1.77752
15.8,1.14504,1.83006
15.9,1.04467,1.87701
16,0.942839,1.91831
16.1,0.839883,1.95398
16.2,0.73612,1.98402
16.3,0.631864,2.00845
16.4,0.527422,2.02734
16.5,0.423094,2.04073
16.6,0.319173,2.04871
16.7,0.21594,2.05139
16.8,0.113669,2.04886
16.9,0.0126194,2.04125
17,-0.0869571,2.0287
17.1,-0.184823,2.01136
17.2,-0.280752,1.98939
17.3,-0.374532,1.96296
17.4,-0.465963,1.93224
17.5,-0.554859,1.89742
17.6,-0.641047,1.85871
17.7,-0.724371,1.81629
17.8,-0.804684,1.77037
17.9,-0.881858,1.72116
18,-0.955774,1.66887
18.1,-1.02633,1.61372
18.2,-1.09344,1.55592
18.3,-1.15702,1.49569
18.4,-1.21702,1.43325
18.5,-1.27338,1.36881
18.6,-1.32606,1.30258
18.7,-1.37505,1.23478
18.8,-1.42033,1.16561
18.9,-1.46189,1.09528
19,-1.49975,1.024
19.1,-1.53392,0.95195
19.2,-1.56444,0.879329
19.3,-1.59134,0.806321
19.4,-1.61467,0.733106
19.5,-1.63449,0.659857
19.6,-1.65086,0.58674
19.7,-1.66384,0.513915
19.8,-1.67352,0.441534
19.9,-1.67998,0.369744
20,-1.68331,0.298681
20.1,-1.6836,0.228477
20.2,-1.68094,0.159253
20.3,-1.67545,0.0911249
20.4,-1.66722,0.0242003
20.5,-1.65637,-0.0414211
20.6,-1.643,-0.105647
20.7,-1.62722,-0.168393
20.8,-1.60915,-0.229582
20.9,-1.58891,-0.289144
21,-1.56661,-0.347016
21.1,-1.54236,-0.403142
21.2,-1.51628,-0.457473
21.3,-1.48848,-0.509967
21.4,-1.45909,-0.560588
21.5,-1.4282,-0.609307
21.6,-1.39595,-0.656099
21.7,-1.36242,-0.700946
21.8,-1.32774,-0.743837
21.9,-1.292,-0.784763
22,-1.25532,-0.823723
22.1,-1.21779,-0.860719
22.2,-1.17951,-0.895758
22.3,-1.14058,-0.928852
22.4,-1.10109,-0.960015
22.5,-1.06113,-0.989266
22.6,-1.02079,-1.01663
22.7,-0.980146,-1.04213
22.8,-0.939285,-1.06579
22.9,-0.898282,-1.08765
23,-0.857211,-1.10774
23.1,-0.816141,-1.1261
23.2,-0.775141,-1.14276
23.3,-0.734273,-1.15776
23.4,-0.693597,-1.17115
23.5,-0.653172,-1.18297
23.6,-0.613049,-1.19326
23.7,-0.573281,-1.20207
23.8,-0.533914,-1.20944
23.9,-0.494992,-1.21543
24,-0.456556,-1.22007
24.1,-0.418644,-1.22342
24.2,-0.381292,-1.22552
24.3,-0.344532,-1.22643
24.4,-0.308393,-1.22618
24.5,-0.272903,-1.22484
24.6,-0.238085,-1.22243
24.7,-0.203961,-1.21902
24.8,-0.170551,-1.21466
24.9,-0.137871,-1.20937
25,-0.105937,-1.20322
25.1,-0.0747619,-1.19625
25.2,-0.0443554,-1.18849
25.3,-0.0147265,-1.18
25.4,0.0141178,-1.17082
25.5,0.0421723,-1.16099
25.6,0.0694335,-1.15054
25.7,0.0958997,-1.13953
25.8,0.12157,-1.12798
25.9,0.146446,-1.11594
26,0.17053,-1.10344
26.1,0.193825,-1.09051
26.2,0.216336,-1.0772
26.3,0.238068,-1.06354
26.4,0.259029,-1.04955
26.5,0.279225,-1.03527
26.6,0.298666,-1.02072
26.7,0.317361,-1.00594
26.8,0.33532,-0.990961
26.9,0.352552,-0.975798
27,0.369071,-0.960482
27.1,0.384886,-0.945035
27.2,0.400011,-0.929483
27.3,0.414459,-0.913846
27.4,0.428241,-0.898146
27.5,0.441372,-0.882403
27.6,0.453865,-0.866637
27.7,0.465734,-0.850865
27.8,0.476993,-0.835104
27.9,0.487656,-0.819372
28,0.497737,-0.803684
28.1,0.507252,-0.788053
28.2,0.516214,-0.772494
28.3,0.524637,-0.75702
28.4,0.532536,-0.741642
28.5,0.539926,-0.726373
28.6,0.546821,-0.711222
28.7,0.553236,-0.696199
28.8,0.559183,-0.681314
28.9,0.564678,-0.666575
29,0.569734,-0.651989
29.1,0.574365,-0.637565
29.2,0.578585,-0.623308
29.3,0.582406,-0.609225
29.4,0.585843,-0.59532
29.5,0.588908,-0.5816
29.6,0.591614,-0.568068
29.7,0.593973,-0.554729
29.8,0.595998,-0.541585
29.9,0.597701,-0.52864
30,0.599093,-0.515897
30.1,0.600187,-0.503358
30.2,0.600994,-0.491025
30.3,0.601524,-0.478899
30.4,0.601788,-0.466982
30.5,0.601798,-0.455274
30.6,0.601563,-0.443777
30.7,0.601093,-0.432489
30.8,0.600399,-0.421412
30.9,0.599489,-0.410545
31,0.598374,-0.399888
31.1,0.597061,-0.38944
31.2,0.59556,-0.3792
31.3,0.59388,-0.369167
31.4,0.592028,-0.35934
31.5,0.590012,-0.349717
31.6,0.587841,-0.340297
31.7,0.585522,-0.331078
31.8,0.583062,-0.322059
31.9,0.580468,-0.313237
32,0.577747,-0.30461
32.1,0.574906,-0.296176
32.2,0.571951,-0.287933
32.3,0.568888,-0.279878
32.4,0.565724,-0.272009
32.5,0.562463,-0.264324
32.6,0.559112,-0.256819
32.7,0.555676,-0.249493
32.8,0.55216,-0.242342
32.9,0.548569,-0.235364
33,0.544909,-0.228556
33.1,0.541182,-0.221915
33.2,0.537395,-0.215439
33.3,0.533551,-0.209125
33.4,0.529654,-0.202969
33.5,0.525709,-0.196969
33.6,0.521719,-0.191123
33.7,0.517688,-0.185426
33.8,0.513619,-0.179877
33.9,0.509516,-0.174473
34,0.505382,-0.16921
34.1,0.50122,-0.164086
34.2,0.497033,-0.159098
34.3,0.492824,-0.154243
34.4,0.488596,-0.149519
34.5,0.484351,-0.144923
34.6,0.480092,-0.140451
34.7,0.475821,-0.136102
34.8,0.471541,-0.131872
34.9,0.467253,-0.127759
35,0.462961,-0.123761
35.1,0.458664,-0.119874
35.2,0.454367,-0.116096
35.3,0.45007,-0.112425
35.4,0.445776,-0.108858
35.5,0.441485,-0.105392
35.6,0.4372,-0.102026
35.7,0.432922,-0.0987563
35.8,0.428652,-0.0955813
35.9,0.424392,-0.0924985
36,0.420143,-0.0895056
36.1,0.415907,-0.0866003
36.2,0.411684,-0.0837805
36.3,0.407475,-0.081044
36.4,0.403282,-0.0783887
36.5,0.399106,-0.0758125
36.6,0.394947,-0.0733134
36.7,0.390807,-0.0708893
36.8,0.386686,-0.0685383
36.9,0.382585,-0.0662586
37,0.378504,-0.0640481
37.1,0.374445,-0.0619051
37.2,0.370409,-0.0598277
37.3,0.366395,-0.0578142
37.4,0.362404,-0.0558628
37.5,0.358438,-0.0539719
37.6,0.354496,-0.0521398
37.7,0.350578,-0.0503649
37.8,0.346686,-0.0486455
37.9,0.34282,-0.0469802
38,0.33898,-0.0453675
38.1,0.335166,-0.0438057
38.2,0.331379,-0.0422936
38.3,0.32762,-0.0408297
38.4,0.323887,-0.0394126
38.5,0.320182,-0.0380409
38.6,0.316506,-0.0367134
38.7,0.312857,-0.0354288
38.8,0.309236,-0.0341859
38.9,0.305644,-0.0329833
39,0.302081,-0.03182
39.1,0.298546,-0.0306947
39.2,0.29504,-0.0296064
39.3,0.291563,-0.0285539
39.4,0.288115,-0.0275362
39.5,0.284696,-0.0265523
39.6,0.281307,-0.025601
39.7,0.277946,-0.0246815
39.8,0.274615,-0.0237927
39.9,0.271313,-0.0229337
40,0.26804,-0.0221037
40.1,0.264797,-0.0213016
40.2,0.261582,-0.0205268
40.3,0.258397,-0.0197782
40.4,0.255241,-0.0190551
40.5,0.252114,-0.0183568
40.6,0.249017,-0.0176823
40.7,0.245948,-0.017031
40.8,0.242908,-0.0164022
40.9,0.239897,-0.0157951
41,0.236915,-0.015209
41.1,0.233962,-0.0146433
41.2,0.231037,-0.0140973
41.3,0.22814,-0.0135704
41.4,0.225273,-0.013062
41.5,0.222433,-0.0125714
41.6,0.219621,-0.0120981
41.7,0.216838,-0.0116416
41.8,0.214082,-0.0112012
41.9,0.211354,-0.0107765
42,0.208654,-0.0103669
42.1,0.205982,-0.00997198
42.2,0.203336,-0.00959118
42.3,0.200718,-0.00922406
42.4,0.198127,-0.00887016
42.5,0.195563,-0.00852905
42.6,0.193026,-0.00820029
42.7,0.190515,-0.00788347
42.8,0.18803,-0.00757818
42.9,0.185572,-0.00728404
43,0.18314,-0.00700066
43.1,0.180734,-0.00672768
43.2,0.178354,-0.00646474
43.3,0.176,-0.00621151
43.4,0.17367,-0.00596763
43.5,0.171367,-0.0057328
43.6,0.169088,-0.0055067
43.7,0.166834,-0.00528902
43.8,0.164605,-0.00507948
43.9,0.1624,-0.00487778
44,0.16022,-0.00468366
44.1,0.158064,-0.00449685
44.2,0.155932,-0.00431709
44.3,0.153824,-0.00414413
44.4,0.151739,-0.00397773
44.5,0.149679,-0.00381765
44.6,0.147641,-0.00366368
44.7,0.145626,-0.00351559
44.8,0.143635,-0.00337318
44.9,0.141666,-0.00323624
45,0.13972,-0.00310456
45.1,0.137796,-0.00297797
45.2,0.135894,-0.00285628
45.3,0.134015,-0.0027393
45.4,0.132157,-0.00262687
45.5,0.130321,-0.00251883
45.6,0.128506,-0.002415
45.7,0.126713,-0.00231524
45.8,0.124941,-0.00221939
45.9,0.123189,-0.00212732
46,0.121459,-0.00203888
46.1,0.119749,-0.00195393
46.2,0.118059,-0.00187235
46.3,0.11639,-0.00179401
46.4,0.11474,-0.00171878
46.5,0.113111,-0.00164656
46.6,0.111501,-0.00157723
46.7,0.109911,-0.00151068
46.8,0.10834,-0.0014468
46.9,0.106788,-0.00138549
47,0.105255,-0.00132666
47.1,0.103741,-0.00127021
47.2,0.102245,-0.00121605
47.3,0.100768,-0.0011641
47.4,0.0993093,-0.00111425
47.5,0.0978686,-0.00106645
47.6,0.0964457,-0.0010206
47.7,0.0950406,-0.000976629
47.8,0.0936531,-0.000934469
47.9,0.0922829,-0.000894045
48,0.09093,-0.000855291
48.1,0.0895941,-0.000818141
48.2,0.0882752,-0.000782533
48.3,0.0869729,-0.000748405
48.4,0.0856873,-0.000715699
48.5,0.084418,-0.000684359
48.6,0.0831649,-0.000654332
48.7,0.081928,-0.000625563
48.8,0.0807069,-0.000598005
48.9,0.0795015,-0.000571607
49,0.0783118,-0.000546325
49.1,0.0771375,-0.000522112
49.2,0.0759784,-0.000498926
49.3,0.0748344,-0.000476726
49.4,0.0737054,-0.000455471
49.5,0.0725912,-0.000435124
49.6,0.0714916,-0.000415648
49.7,0.0704065,-0.000397006
49.8,0.0693357,-0.000379166
49.9,0.0682791,-0.000362094
50,0.0672365,-0.000345758
50.1,0.0662078,-0.000330129
50.2,0.0651929,-0.000315177
50.3,0.0641915,-0.000300875
50.4,0.0632035,-0.000287195
50.5,0.0622289,-0.000274112
50.6,0.0612673,-0.000261601
50.7,0.0603188,-0.000249637
50.8,0.0593831,-0.000238199
50.9,0.0584602,-0.000227264
51,0.0575498,-0.00021681
51.1,0.0566518,-0.000206819
51.2,0.0557661,-0.000197269
51.3,0.0548926,-0.000188144
51.4,0.0540311,-0.000179423
51.5,0.0531815,-0.000171091
51.6,0.0523436,-0.000163131
51.7,0.0515173,-0.000155527
51.8,0.0507026,-0.000148264
51.9,0.0498991,-0.000141327
52,0.0491069,-0.000134702
52.1,0.0483258,-0.000128375
52.2,0.0475556,-0.000122335
52.3,0.0467963,-0.000116568
52.4,0.0460476,-0.000111062
52.5,0.0453096,-0.000105807
52.6,0.044582,-0.000100791
52.7,0.0438647,-9.60042e-05
52.8,0.0431577,-9.14361e-05
52.9,0.0424607,-8.70773e-05
53,0.0417737,-8.29187e-05
53.1,0.0410966,-7.89513e-05
53.2,0.0404291,-7.51669e-05
53.3,0.0397713,-7.15572e-05
53.4,0.039123,-6.81146e-05
53.5,0.0384841,-6.48316e-05
53.6,0.0378544,-6.17011e-05
53.7,0.0372339,-5.87164e-05
53.8,0.0366225,-5.58709e-05
53.9,0.03602,-5.31584e-05
54,0.0354262,-5.05729e-05
54.1,0.0348413,-4.81087e-05
54.2,0.0342649,-4.57603e-05
54.3,0.033697,-4.35226e-05
54.4,0.0331375,-4.13904e-05
54.5,0.0325863,-3.93591e-05
54.6,0.0320432,-3.7424e-05
54.7,0.0315083,-3.55808e-05
54.8,0.0309813,-3.38252e-05
54.9,0.0304622,-3.21532e-05
55,0.0299509,-3.05611e-05
55.1,0.0294472,-2.90452e-05
55.2,0.0289511,-2.76018e-05
55.3,0.0284625,-2.62278e-05
55.4,0.0279813,-2.49199e-05
55.5,0.0275074,-2.3675e-05
55.6,0.0270407,-2.24902e-05
55.7,0.026581,-2.13628e-05
55.8,0.0261284,-2.02899e-05
55.9,0.0256827,-1.92692e-05
56,0.0252438,-1.82981e-05
56.1,0.0248117,-1.73744e-05
56.2,0.0243862,-1.64958e-05
56.3,0.0239672,-1.56601e-05
56.4,0.0235548,-1.48655e-05
56.5,0.0231487,-1.41098e-05
56.6,0.0227489,-1.33913e-05
56.7,0.0223553,-1.27082e-05
56.8,0.0219679,-1.20589e-05
56.9,0.0215865,-1.14417e-05
57,0.0212111,-1.0855e-05
57.1,0.0208416,-1.02975e-05
57.2,0.0204779,-9.76775e-06
57.3,0.0201199,-9.26437e-06
57.4,0.0197675,-8.78612e-06
57.5,0.0194207,-8.33179e-06
57.6,0.0190795,-7.90022e-06
57.7,0.0187436,-7.49031e-06
57.8,0.0184131,-7.10102e-06
57.9,0.0180878,-6.73133e-06
58,0.0177678,-6.38031e-06
58.1,0.0174529,-6.04703e-06
58.2,0.017143,-5.73063e-06
58.3,0.0168381,-5.43028e-06
58.4,0.0165381,-5.1452e-06
58.5,0.016243,-4.87463e-06
58.6,0.0159527,-4.61786e-06
58.7,0.015667,-4.37422e-06
58.8,0.015386,-4.14305e-06
58.9,0.0151096,-3.92373e-06
59,0.0148377,-3.71568e-06
59.1,0.0145702,-3.51833e-06
59.2,0.0143071,-3.33116e-06
59.3,0.0140483,-3.15366e-06
59.4,0.0137938,-2.98533e-06
59.5,0.0135435,-2.82573e-06
59.6,0.0132973,-2.67442e-06
59.7,0.0130552,-2.53097e-06
59.8,0.0128171,-2.395e-06
59.9,0.0125829,-2.26612e-06
60,0.0123526,-2.14398e-06
60.1,0.0121262,-2.02824e-06
60.2,0.0119036,-1.91856e-06
60.3,0.0116847,-1.81465e-06
60.4,0.0114695,-1.71621e-06
60.5,0.0112578,-1.62296e-06
60.6,0.0110498,-1.53463e-06
60.7,0.0108453,-1.45098e-06
60.8,0.0106442,-1.37176e-06
60.9,0.0104465,-1.29674e-06
61,0.0102522,-1.22572e-06
61.1,0.0100612,-1.15847e-06
61.2,0.00987341,-1.09482e-06
61.3,0.00968885,-1.03457e-06
61.4,0.00950745,-9.77539e-07
61.5,0.00932917,-9.2357e-07
61.6,0.00915394,-8.72499e-07
61.7,0.00898172,-8.24177e-07
61.8,0.00881248,-7.78459e-07
61.9,0.00864616,-7.35209e-07
62,0.00848271,-6.94297e-07
62.1,0.0083221,-6.55602e-07
62.2,0.00816428,-6.19006e-07
62.3,0.00800921,-5.84399e-07
62.4,0.00785683,-5.51676e-07
62.5,0.00770712,-5.20737e-07
62.6,0.00756003,-4.91487e-07
62.7,0.00741552,-4.63838e-07
62.8,0.00727355,-4.37704e-07
62.9,0.00713407,-4.13003e-07
63,0.00699706,-3.89661e-07
63.1,0.00686246,-3.67604e-07
63.2,0.00673025,-3.46764e-07
63.3,0.00660038,-3.27075e-07
63.4,0.00647281,-3.08475e-07
63.5,0.00634752,-2.90906e-07
63.6,0.00622446,-2.74313e-07
63.7,0.00610359,-2.58642e-07
63.8,0.00598489,-2.43843e-07
63.9,0.00586832,-2.2987e-07
64,0.00575384,-2.16678e-07
64.1,0.00564142,-2.04224e-07
64.2,0.00553103,-1.92468e-07
64.3,0.00542263,-1.81372e-07
64.4,0.00531619,-1.709e-07
64.5,0.00521168,-1.61018e-07
64.6,0.00510906,-1.51693e-07
64.7,0.00500832,-1.42895e-07
64.8,0.0049094,-1.34595e-07
64.9,0.0048123,-1.26765e-07
65,0.00471697,-1.19379e-07
65.1,0.00462338,-1.12414e-07
65.2,0.00453151,-1.05845e-07
65.3,0.00444133,-9.96508e-08
65.4,0.00435281,-9.38104e-08
65.5,0.00426593,-8.83042e-08
65.6,0.00418065,-8.31135e-08
65.7,0.00409694,-7.82206e-08
65.8,0.00401479,-7.3609e-08
65.9,0.00393417,-6.92629e-08
66,0.00385505,-6.51673e-08
66.1,0.0037774,-6.13083e-08
66.2,0.0037012,-5.76724e-08
66.3,0.00362643,-5.42472e-08
66.4,0.00355305,-5.10207e-08
66.5,0.00348106,-4.79816e-08
66.6,0.00341042,-4.51194e-08
66.7,0.00334111,-4.2424e-08
66.8,0.0032731,-3.9886e-08
66.9,0.00320639,-3.74963e-08
67,0.00314093,-3.52465e-08
67.1,0.00307672,-3.31287e-08
67.2,0.00301373,-3.11352e-08
67.3,0.00295193,-2.9259e-08
67.4,0.00289132,-2.74933e-08
67.5,0.00283186,-2.58318e-08
67.6,0.00277353,-2.42684e-08
67.7,0.00271633,-2.27976e-08
67.8,0.00266022,-2.14139e-08
67.9,0.0026052,-2.01124e-08
68,0.00255123,-1.88882e-08
68.1,0.0024983,-1.77368e-08
68.2,0.0024464,-1.66542e-08
68.3,0.0023955,-1.56361e-08
68.4,0.00234559,-1.46789e-08
68.5,0.00229664,-1.37791e-08
68.6,0.00224865,-1.29332e-08
68.7,0.00220159,-1.21381e-08
68.8,0.00215546,-1.13909e-08
68.9,0.00211022,-1.06887e-08
69,0.00206587,-1.00288e-08
69.1,0.00202239,-9.4088e-09
69.2,0.00197976,-8.82631e-09
69.3,0.00193797,-8.27912e-09
69.4,0.00189701,-7.76513e-09
69.5,0.00185685,-7.28238e-09
69.6,0.00181749,-6.82901e-09
69.7,0.00177891,-6.40327e-09
69.8,0.00174109,-6.00353e-09
69.9,0.00170403,-5.62821e-09
70,0.0016677,-5.27587e-09
70.1,0.0016321,-4.94514e-09
70.2,0.0015972,-4.6347e-09
70.3,0.00156301,-4.34336e-09
70.4,0.0015295,-4.06995e-09
70.5,0.00149666,-3.8134e-09
70.6,0.00146448,-3.57269e-09
70.7,0.00143295,-3.34686e-09
70.8,0.00140206,-3.13502e-09
70.9,0.00137179,-2.93632e-09
71,0.00134213,-2.74996e-09
71.1,0.00131307,-2.57519e-09
71.2,0.00128461,-2.4113e-09
71.3,0.00125672,-2.25763e-09
71.4,0.00122939,-2.11356e-09
71.5,0.00120263,-1.9785e-09
71.6,0.00117641,-1.8519e-09
71.7,0.00115073,-1.73325e-09
71.8,0.00112557,-1.62204e-09
71.9,0.00110093,-1.51783e-09
72,0.0010768,-1.42018e-09
72.1,0.00105316,-1.32869e-09
72.2,0.00103001,-1.24299e-09
72.3,0.00100734,-1.1627e-09
72.4,0.000985134,-1.0875e-09
72.5,0.00096339,-1.01706e-09
72.6,0.000942097,-9.51105e-10
72.7,0.000921246,-8.89342e-10
72.8,0.000900829,-8.31513e-10
72.9,0.000880838,-7.77372e-10
73,0.000861263,-7.26689e-10
73.1,0.000842097,-6.79248e-10
73.2,0.000823333,-6.34845e-10
73.3,0.000804962,-5.9329e-10
73.4,0.000786976,-5.54404e-10
73.5,0.000769369,-5.18019e-10
73.6,0.000752133,-4.83977e-10
73.7,0.00073526,-4.5213e-10
73.8,0.000718743,-4.2234e-10
73.9,0.000702576,-3.94476e-10
74,0.000686751,-3.68417e-10
74.1,0.000671262,-3.44047e-10
74.2,0.000656102,-3.21259e-10
74.3,0.000641265,-2.99953e-10
74.4,0.000626744,-2.80035e-10
74.5,0.000612533,-2.61414e-10
74.6,0.000598626,-2.4401e-10
74.7,0.000585016,-2.27743e-10
74.8,0.000571698,-2.12541e-10
74.9,0.000558666,-1.98335e-10
75,0.000545915,-1.85061e-10
75.1,0.000533438,-1.7266e-10
75.2,0.00052123,-1.61076e-10
75.3,0.000509286,-1.50254e-10
75.4,0.0004976,-1.40147e-10
75.5,0.000486168,-1.30707e-10
75.6,0.000474983,-1.21892e-10
75.7,0.000464041,-1.13661e-10
75.8,0.000453338,-1.05976e-10
75.9,0.000442868,-9.88015e-11
76,0.000432626,-9.21041e-11
76.1,0.000422608,-8.58528e-11
76.2,0.000412809,-8.00184e-11
76.3,0.000403226,-7.45736e-11
76.4,0.000393852,-6.94929e-11
76.5,0.000384685,-6.47524e-11
76.6,0.000375719,-6.03296e-11
76.7,0.000366951,-5.62037e-11
76.8,0.000358376,-5.23552e-11
76.9,0.000349992,-4.87657e-11
77,0.000341792,-4.54181e-11
77.1,0.000333775,-4.22963e-11
77.2,0.000325936,-3.93855e-11
77.3,0.000318271,-3.66717e-11
77.4,0.000310776,-3.41416e-11
77.5,0.000303449,-3.17832e-11
77.6,0.000296285,-2.9585e-11
77.7,0.000289282,-2.75363e-11
77.8,0.000282435,-2.5627e-11
77.9,0.000275742,-2.3848e-11
78,0.0002692,-2.21904e-11
78.1,0.000262804,-2.06461e-11
78.2,0.000256552,-1.92074e-11
78.3,0.000250442,-1.78674e-11
78.4,0.000244469,-1.66194e-11
78.5,0.000238632,-1.54571e-11
78.6,0.000232927,-1.43747e-11
78.7,0.000227351,-1.33669e-11
78.8,0.000221902,-1.24286e-11
78.9,0.000216576,-1.15551e-11
79,0.000211372,-1.0742e-11
79.1,0.000206287,-9.98522e-12
79.2,0.000201318,-9.28087e-12
79.3,0.000196462,-8.62542e-12
79.4,0.000191718,-8.01551e-12
79.5,0.000187083,-7.44804e-12
79.6,0.000182554,-6.92011e-12
79.7,0.000178129,-6.429e-12
79.8,0.000173806,-5.97219e-12
79.9,0.000169582,-5.54733e-12
80,0.000165457,-5.15222e-12
80.1,0.000161426,-4.78481e-12
80.2,0.000157489,-4.44318e-12
80.3,0.000153644,-4.12557e-12
80.4,0.000149887,-3.83031e-12
80.5,0.000146218,-3.55585e-12
80.6,0.000142634,-3.30075e-12
80.7,0.000139134,-3.06367e-12
80.8,0.000135716,-2.84335e-12
80.9,0.000132377,-2.63864e-12
81,0.000129117,-2.44844e-12
81.1,0.000125933,-2.27173e-12
81.2,0.000122824,-2.10759e-12
81.3,0.000119787,-1.95512e-12
81.4,0.000116823,-1.81352e-12
81.5,0.000113928,-1.68202e-12
81.6,0.000111101,-1.55991e-12
81.7,0.000108342,-1.44653e-12
81.8,0.000105647,-1.34126e-12
81.9,0.000103017,-1.24355e-12
82,0.000100448,-1.15284e-12
82.1,9.79412e-05,-1.06865e-12
82.2,9.54936e-05,-9.90522e-13
82.3,9.31043e-05,-9.18018e-13
82.4,9.07721e-05,-8.50742e-13
82.5,8.84955e-05,-7.88324e-13
82.6,8.62734e-05,-7.30418e-13
82.7,8.41044e-05,-6.76703e-13
82.8,8.19875e-05,-6.2688e-13
82.9,7.99214e-05,-5.80671e-13
83,7.7905e-05,-5.37819e-13
83.1,7.59371e-05,-4.98084e-13
83.2,7.40166e-05,-4.61241e-13
83.3,7.21425e-05,-4.27085e-13
83.4,7.03136e-05,-3.95421e-13
83.5,6.8529e-05,-3.66071e-13
83.6,6.67877e-05,-3.38868e-13
83.7,6.50886e-05,-3.13657e-13
83.8,6.34307e-05,-2.90295e-13
83.9,6.18132e-05,-2.68649e-13
84,6.02351e-05,-2.48593e-13
84.1,5.86954e-05,-2.30014e-13
84.2,5.71934e-05,-2.12804e-13
84.3,5.57281e-05,-1.96863e-13
84.4,5.42986e-05,-1.82099e-13
84.5,5.29042e-05,-1.68427e-13
84.6,5.1544e-05,-1.55767e-13
84.7,5.02172e-05,-1.44045e-13
84.8,4.89231e-05,-1.33193e-13
84.9,4.76608e-05,-1.23148e-13
85,4.64297e-05,-1.13849e-13
85.1,4.5229e-05,-1.05243e-13
85.2,4.4058e-05,-9.72782e-14
85.3,4.2916e-05,-8.9908e-14
85.4,4.18023e-05,-8.30886e-14
85.5,4.07162e-05,-7.67793e-14
85.6,3.96572e-05,-7.09425e-14
85.7,3.86245e-05,-6.55434e-14
85.8,3.76175e-05,-6.05496e-14
85.9,3.66357e-05,-5.59311e-14
86,3.56783e-05,-5.16601e-14
86.1,3.4745e-05,-4.77108e-14
86.2,3.3835e-05,-4.40594e-14
86.3,3.29478e-05,-4.06837e-14
86.4,3.20829e-05,-3.75631e-14
86.5,3.12397e-05,-3.46787e-14
86.6,3.04178e-05,-3.20128e-14
86.7,2.96166e-05,-2.95491e-14
86.8,2.88355e-05,-2.72726e-14
86.9,2.80743e-05,-2.5169e-14
87,2.73322e-05,-2.32256e-14
87.1,2.6609e-05,-2.14303e-14
87.2,2.59041e-05,-1.97719e-14
87.3,2.52171e-05,-1.82401e-14
87.4,2.45476e-05,-1.68255e-14
87.5,2.38951e-05,-1.55192e-14
87.6,2.32592e-05,-1.43129e-14
87.7,2.26396e-05,-1.31992e-14
87.8,2.20358e-05,-1.2171e-14
87.9,2.14474e-05,-1.12219e-14
88,2.08741e-05,-1.03458e-14
88.1,2.03155e-05,-9.53728e-15
88.2,1.97712e-05,-8.79111e-15
88.3,1.9241e-05,-8.10256e-15
88.4,1.87243e-05,-7.46725e-15
88.5,1.8221e-05,-6.88113e-15
88.6,1.77307e-05,-6.34042e-15
88.7,1.7253e-05,-5.84166e-15
88.8,1.67877e-05,-5.38164e-15
88.9,1.63344e-05,-4.95738e-15
89,1.58929e-05,-4.56615e-15
89.1,1.54628e-05,-4.2054e-15
89.2,1.50439e-05,-3.8728e-15
89.3,1.46359e-05,-3.56618e-15
89.4,1.42386e-05,-3.28352e-15
89.5,1.38516e-05,-3.02299e-15
89.6,1.34747e-05,-2.78288e-15
89.7,1.31076e-05,-2.5616e-15
89.8,1.27502e-05,-2.3577e-15
89.9,1.24021e-05,-2.16982e-15
90,1.20631e-05,-1.99674e-15
90.1,1.17331e-05,-1.83729e-15
90.2,1.14117e-05,-1.69042e-15
90.3,1.10988e-05,-1.55514e-15
90.4,1.07941e-05,-1.43056e-15
90.5,1.04975e-05,-1.31583e-15
90.6,1.02087e-05,-1.2102e-15
90.7,9.92759e-06,-1.11294e-15
90.8,9.65389e-06,-1.02341e-15
90.9,9.38744e-06,-9.40986e-16
91,9.12807e-06,-8.65123e-16
91.1,8.87559e-06,-7.95304e-16
91.2,8.62983e-06,-7.31051e-16
91.3,8.39061e-06,-6.71928e-16
91.4,8.15778e-06,-6.17529e-16
91.5,7.93116e-06,-5.67481e-16
91.6,7.7106e-06,-5.21442e-16
91.7,7.49594e-06,-4.79093e-16
91.8,7.28704e-06,-4.40143e-16
91.9,7.08373e-06,-4.04322e-16
92,6.88589e-06,-3.71383e-16
92.1,6.69337e-06,-3.41095e-16
92.2,6.50603e-06,-3.13248e-16
92.3,6.32373e-06,-2.87648e-16
92.4,6.14636e-06,-2.64116e-16
92.5,5.97378e-06,-2.42487e-16
92.6,5.80586e-06,-2.22608e-16
92.7,5.64249e-06,-2.0434e-16
92.8,5.48355e-06,-1.87554e-16
92.9,5.32892e-06,-1.72131e-16
93,5.17849e-06,-1.57961e-16
93.1,5.03216e-06,-1.44945e-16
93.2,4.8898e-06,-1.32989e-16
93.3,4.75133e-06,-1.22008e-16
93.4,4.61664e-06,-1.11923e-16
93.5,4.48563e-06,-1.02662e-16
93.6,4.3582e-06,-9.41591e-17
93.7,4.23426e-06,-8.63523e-17
93.8,4.11372e-06,-7.91854e-17
93.9,3.99649e-06,-7.26066e-17
94,3.88247e-06,-6.65682e-17
94.1,3.7716e-06,-6.10264e-17
94.2,3.66378e-06,-5.59408e-17
94.3,3.55893e-06,-5.12742e-17
94.4,3.45697e-06,-4.69926e-17
94.5,3.35784e-06,-4.30645e-17
94.6,3.26144e-06,-3.94612e-17
94.7,3.16772e-06,-3.6156e-17
94.8,3.07659e-06,-3.31245e-17
94.9,2.98799e-06,-3.03445e-17
95,2.90186e-06,-2.77952e-17
95.1,2.81812e-06,-2.54577e-17
95.2,2.73671e-06,-2.33146e-17
95.3,2.65757e-06,-2.135e-17
95.4,2.58065e-06,-1.95491e-17
95.5,2.50587e-06,-1.78984e-17
95.6,2.43318e-06,-1.63857e-17
95.7,2.36253e-06,-1.49994e-17
95.8,2.29386e-06,-1.37291e-17
95.9,2.22712e-06,-1.25652e-17
96,2.16225e-06,-1.14989e-17
96.1,2.09921e-06,-1.05222e-17
96.2,2.03794e-06,-9.6275e-18
96.3,1.9784e-06,-8.80809e-18
96.4,1.92054e-06,-8.05767e-18
96.5,1.86431e-06,-7.3705e-18
96.6,1.80968e-06,-6.74131e-18
96.7,1.75659e-06,-6.16526e-18
96.8,1.70501e-06,-5.63792e-18
96.9,1.65489e-06,-5.1552e-18
97,1.60619e-06,-4.71338e-18
97.1,1.55888e-06,-4.30903e-18
97.2,1.51292e-06,-3.939e-18
97.3,1.46826e-06,-3.60041e-18
97.4,1.42488e-06,-3.29063e-18
97.5,1.38274e-06,-3.00722e-18
97.6,1.34181e-06,-2.74796e-18
97.7,1.30204e-06,-2.51083e-18
97.8,1.26342e-06,-2.29394e-18
97.9,1.2259e-06,-2.0956e-18
98,1.18946e-06,-1.91423e-18
98.1,1.15407e-06,-1.74839e-18
98.2,1.1197e-06,-1.59678e-18
98.3,1.08632e-06,-1.45817e-18
98.4,1.0539e-06,-1.33148e-18
98.5,1.02241e-06,-1.21568e-18
98.6,9.91838e-07,-1.10985e-18
98.7,9.62149e-07,-1.01314e-18
98.8,9.3332e-07,-9.24767e-19
98.9,9.05326e-07,-8.44027e-19
99,8.78146e-07,-7.70266e-19
99.1,8.51755e-07,-7.02886e-19
99.2,8.26131e-07,-6.4134e-19
99.3,8.01254e-07,-5.8513e-19
99.4,7.77102e-07,-5.33797e-19
99.5,7.53655e-07,-4.86922e-19
99.6,7.30893e-07,-4.44122e-19
99.7,7.08796e-07,-4.05047e-19
99.8,6.87347e-07,-3.69376e-19
99.9,6.66525e-07,-3.36815e-19
100,6.46315e-07,-3.07096e-19
100.1,6.26698e-07,-2.79973e-19
100.2,6.07658e-07,-2.55223e-19
100.3,5.89178e-07,-2.32638e-19
100.4,5.71243e-07,-2.12033e-19
100.5,5.53836e-07,-1.93235e-19
100.6,5.36944e-07,-1.76087e-19
100.7,5.2055e-07,-1.60446e-19
100.8,5.04642e-07,-1.46181e-19
100.9,4.89205e-07,-1.33172e-19
101,4.74225e-07,-1.21309e-19
101.1,4.5969e-07,-1.10493e-19
101.2,4.45586e-07,-1.00632e-19
101.3,4.31902e-07,-9.16426e-20
101.4,4.18625e-07,-8.34484e-20
101.5,4.05744e-07,-7.59799e-20
101.6,3.93248e-07,-6.91734e-20
101.7,3.81124e-07,-6.29709e-20
101.8,3.69363e-07,-5.73192e-20
101.9,3.57953e-07,-5.21699e-20
102,3.46886e-07,-4.74788e-20
102.1,3.3615e-07,-4.32056e-20
102.2,3.25736e-07,-3.93133e-20
102.3,3.15636e-07,-3.57684e-20
